id,title,url,published_at,collected_at,summary,raw_excerpt,topic,geography,bepi_signal,source
21,Séb Krier,https://marginalrevolution.com/marginalrevolution/2026/06/seb-krier-3.html?utm_source=rss&utm_medium=rss&utm_campaign=seb-krier-3,2026-06-09T07:17:08+00:00,2026-06-09 08:09:05,"Here are 3 concise bullets summarizing the article for an undergraduate researcher:

* **Core Claim:** A small, temporary increase in per capita economic growth (from 2% to 2.1%) can have a significant, long-term impact on GDP per capita, resulting in a cumulative value of approximately $1 trillion.
* **Evidence/Data:** The article cites the concept of compounding growth, where a small increase in growth rate can lead to substantial long-term gains, although specific data or studies are not mentioned.
* **Why it Matters:** The article suggests that delaying technological advancements, such as AI development, could result in significant economic losses, increased poverty, and delayed medical progress, implying that the benefits of technological progress outweigh the potential risks.",,development,global,50.9,Marginal Revolution
1,"<a href=""https://www.thedailystar.net/business/news/china-exports-surge-beijing-withstands-middle-east-stress-4194386"" hreflang=""en"">China exports surge as Beijing withstands Middle East stress</a>",https://www.thedailystar.net/business/news/china-exports-surge-beijing-withstands-middle-east-stress-4194386,2026-06-09T06:55:38+00:00,2026-06-09 08:08:38,"Here are 3 concise bullets summarizing the article:

* **Core claim**: China's exports have surged, indicating a positive economic trend for the country.
* **Evidence/data**: The article does not provide specific data on the magnitude of the surge, but mentions it as a ""bright spot"" for the Chinese leadership.
* **Why it matters**: This surge in exports is significant because it suggests that China's economy is resilient and able to withstand external pressures, such as trade frictions with the US, and may help the country's leadership to kickstart growth after the pandemic.",,trade,bangladesh,100.0,The Daily Star Business
2,"<a href=""https://www.thedailystar.net/business/news/the-art-taxation-4194341"" hreflang=""en"">The Art of Taxation</a>",https://www.thedailystar.net/business/news/the-art-taxation-4194341,2026-06-09T06:19:21+00:00,2026-06-09 08:08:38,"Unfortunately, the provided article link does not work, and the text is not available. However, I can provide a general summary based on the title ""The Art of Taxation"" and the topic ""Why raising revenue is central to development.""

Assuming the article discusses taxation and its role in economic development, here's a summary for an undergraduate researcher:

* **Core claim:** Effective taxation is crucial for a country's economic development, as it enables governments to raise revenue for public goods and services, redistribute income, and stimulate economic growth.
* **Evidence/data:** The article likely presents data on the relationship between taxation and economic development, such as the correlation between tax revenue and GDP growth, or the impact of taxation on poverty reduction and income inequality.
* **Why it matters:** Understanding the art of taxation is essential for policymakers, as it can inform decisions on tax reform, revenue mobilization, and public expenditure management, ultimately contributing to sustainable economic development and improved living standards.",,development,bangladesh,61.8,The Daily Star Business
22,Sao Paulo notes,https://marginalrevolution.com/marginalrevolution/2026/06/sao-paulo-notes.html?utm_source=rss&utm_medium=rss&utm_campaign=sao-paulo-notes,2026-06-09T05:10:49+00:00,2026-06-09 08:09:06,"Here are three concise bullets summarizing the article for an undergraduate researcher:

* **Core Claim:** Despite concerns about Brazil's economy, demographics, and cultural influence, the city of Sao Paulo is a hidden gem with a strong business community, rich arts scene, and excellent food options, making it a must-visit destination.
* **Evidence/Data:** The article cites a decrease in the murder rate, improved infrastructure, and a thriving arts scene as evidence of Sao Paulo's growth and development. Additionally, the author highlights the city's culinary offerings, including top-tier Brazilian, Japanese, and Italian cuisine, and notes that the city is often overlooked by foreign tourists.
* **Why it Matters:** The article matters because it challenges the common perception of Brazil as a country in decline, and instead highlights the city of Sao Paulo as a vibrant and exciting destination. The author's observations also have implications for economic development and demographics, suggesting that Brazil's slow and steady growth may be a more sustainable path forward than rapid growth, but also raises concerns about the country's shrinking population and lack of immigration options.",,inflation,global,100.0,Marginal Revolution
3,"<a href=""https://www.thedailystar.net/business/economy/news/tough-journey-starts-mired-controversies-4194181"" hreflang=""en"">A tough journey starts, mired in controversies</a>",https://www.thedailystar.net/business/economy/news/tough-journey-starts-mired-controversies-4194181,2026-06-08T18:00:00+00:00,2026-06-09 08:08:38,"Here are 3 concise bullets summarizing the article for an undergraduate researcher:

* **Core claim:** The finance minister of a country has inherited an economy that is in a state of disarray, requiring significant repair efforts.
* **Evidence/data:** The article implies that the economy is ""ruptured"" but does not provide specific data or statistics to support this claim. It suggests that the finance minister faces a challenging task in fixing the economy.
* **Why it matters:** The article highlights the difficulties and controversies that the finance minister will face in attempting to repair the economy, implying that the outcome will have significant implications for the country's economic stability and growth.",,general economics,bangladesh,90.0,The Daily Star Business
4,"<a href=""https://www.thedailystar.net/business/economy/news/naser-ezaz-bijoy-resigns-ceo-stanchart-4193941"" hreflang=""en"">Naser Ezaz Bijoy resigns as CEO of StanChart</a>",https://www.thedailystar.net/business/economy/news/naser-ezaz-bijoy-resigns-ceo-stanchart-4193941,2026-06-08T18:00:00+00:00,2026-06-09 08:08:39,"Here are 3 concise bullets summarizing the article for an undergraduate researcher:

* **Core claim**: Naser Ezaz Bijoy has resigned as the CEO of Standard Chartered Bangladesh after nearly 9 years in the role.
* **Evidence/data**: The article does not provide specific reasons for his resignation, but it mentions that he has served as CEO for nearly 9 years.
* **Why it matters**: Bijoy's resignation may have implications for the banking sector in Bangladesh, particularly for Standard Chartered Bangladesh, and could lead to changes in leadership and strategy for the institution.",,general economics,bangladesh,0.0,The Daily Star Business
5,"<a href=""https://www.thedailystar.net/business/economy/news/govt-make-bin-mandatory-mfs-merchants-4193956"" hreflang=""en"">Govt to make BIN mandatory for MFS merchants</a>",https://www.thedailystar.net/business/economy/news/govt-make-bin-mandatory-mfs-merchants-4193956,2026-06-08T18:00:00+00:00,2026-06-09 08:08:39,"Here are three concise bullets summarizing the article:

* **Core claim**: The government plans to make it mandatory for businesses to have a Business Identification Number (BIN) to open merchant accounts with mobile financial services (MFS) providers in the fiscal year 2026-27.
* **Evidence/data**: The policy change is expected to be implemented as part of the national budget for 2026-27, although specific details are not provided in the article.
* **Why it matters**: This policy change aims to increase transparency and accountability in mobile financial transactions, potentially reducing the risk of financial crimes and improving the overall efficiency of MFS in Bangladesh.",,fiscal policy,bangladesh,-100.0,The Daily Star Business
6,"<a href=""https://www.thedailystar.net/business/global-economy/news/japanese-buyers-seek-more-apparel-sourcing-under-epa-4193961"" hreflang=""en"">Japanese buyers seek more apparel sourcing under EPA</a>",https://www.thedailystar.net/business/global-economy/news/japanese-buyers-seek-more-apparel-sourcing-under-epa-4193961,2026-06-08T18:00:00+00:00,2026-06-09 08:08:39,"Here are 3 concise bullets summarizing the article:

* **Core claim**: Japanese companies are seeking to increase their sourcing of garment products from Bangladesh, leveraging the Economic Partnership Agreement (EPA) between the two countries.
* **Evidence/data**: The article cites Japanese companies' efforts to find local business partners in Bangladesh to strengthen their sourcing under the EPA.
* **Why it matters**: This development could lead to increased trade and economic cooperation between Japan and Bangladesh, potentially benefiting the Bangladeshi garment industry and contributing to regional economic growth.",,trade,bangladesh,100.0,The Daily Star Business
7,"<a href=""https://www.thedailystar.net/business/bangladesh-budget-2026-27/news/budget-boost-targets-entrepreneurs-tech-innovators-4193966"" hreflang=""en"">Budget boost targets entrepreneurs, tech innovators</a>",https://www.thedailystar.net/business/bangladesh-budget-2026-27/news/budget-boost-targets-entrepreneurs-tech-innovators-4193966,2026-06-08T18:00:00+00:00,2026-06-09 08:08:40,"Here are three concise bullets summarizing the article:

* **Core claim:** The Bangladeshi government plans to exempt startups and IT-based businesses from paying turnover tax in the next fiscal year to encourage entrepreneurship and innovation.
* **Evidence/data:** This policy change is a part of the upcoming budget for 2026-27, aiming to support entrepreneurs and tech innovators.
* **Why it matters:** This move could stimulate economic growth by reducing the financial burden on startups and encouraging them to invest in innovation, potentially leading to increased job creation and economic development.",,fiscal policy,bangladesh,100.0,The Daily Star Business
8,"<a href=""https://www.thedailystar.net/business/economy/news/bb-rolls-out-tk-19000cr-refinance-schemes-4193931"" hreflang=""en"">BB rolls out Tk 19,000cr in refinance schemes</a>",https://www.thedailystar.net/business/economy/news/bb-rolls-out-tk-19000cr-refinance-schemes-4193931,2026-06-08T18:00:00+00:00,2026-06-09 08:08:40,"Here's a summary of the article in 3 concise bullets:

* **Core claim**: The Bangladesh Bank (BB) has launched four separate refinance schemes worth Tk 19,000 crore (approximately $2.2 billion USD) to support various sectors, including agriculture, CMSMEs (small and medium-sized enterprises), exports, and green factories.
* **Evidence/data**: The article does not provide specific details on the schemes, but mentions that there are four separate funds covering different sectors.
* **Why it matters**: The refinance schemes are likely to provide much-needed liquidity and support to these sectors, potentially boosting economic growth and development in Bangladesh.",,trade,bangladesh,100.0,The Daily Star Business
9,"<a href=""https://www.thedailystar.net/business/economy/news/us-envoy-deeper-trade-ties-bangladesh-4193936"" hreflang=""en"">US envoy for deeper trade ties with Bangladesh</a>",https://www.thedailystar.net/business/economy/news/us-envoy-deeper-trade-ties-bangladesh-4193936,2026-06-08T18:00:00+00:00,2026-06-09 08:08:42,"Here are 3 concise bullets summarizing the article:

* **Core claim**: The US-Bangladesh trade agreement aims to create a more balanced, sustainable, and mutually beneficial economic partnership.
* **Evidence/data**: The agreement was recently signed between the two countries, with US Ambassador Brent T Christensen highlighting its objectives.
* **Why it matters**: The agreement has the potential to create new opportunities for businesses and consumers in both the US and Bangladesh, promoting economic growth and cooperation between the two nations.",,trade,bangladesh,100.0,The Daily Star Business
10,"<a href=""https://www.thedailystar.net/business/economy/news/economy-might-have-expanded-faster-may-pmi-4193926"" hreflang=""en"">Economy might have expanded faster in May: PMI</a>",https://www.thedailystar.net/business/economy/news/economy-might-have-expanded-faster-may-pmi-4193926,2026-06-08T18:00:00+00:00,2026-06-09 08:08:43,"Here are 3 concise bullets summarizing the article for an undergraduate researcher:

* **Core claim**: Bangladesh's economy likely expanded at a faster pace in May compared to the previous month, driven by growth in the manufacturing and services sectors.
* **Evidence/data**: The Bangladesh Purchasing Managers' Index (PMI) rose by 8.2 points from April to 62.8 in May, indicating a significant increase in economic activity.
* **Why it matters**: This growth in the economy could have positive implications for the country's economic development, potentially leading to increased economic opportunities and improved living standards for its citizens.",,general economics,bangladesh,90.0,The Daily Star Business
23,Monday assorted links,https://marginalrevolution.com/marginalrevolution/2026/06/monday-assorted-links-563.html?utm_source=rss&utm_medium=rss&utm_campaign=monday-assorted-links-563,2026-06-08T16:43:05+00:00,2026-06-09 08:09:07,"Unfortunately, the provided article does not contain a comprehensive economics article. However, I can infer that the first point might be referring to a discussion about Thomas Piketty's views on economics. Based on this, I'll provide a summary of what might be the core claim, evidence/data, and why it matters:

- **Core Claim:** Thomas Piketty, a renowned economist, has shifted his views towards degrowth economics, which suggests that economic growth is not desirable and may even be detrimental to society.
- **Evidence/Data:** Although not explicitly stated in the article, this shift in Piketty's views might be based on his recent work or statements that have been made public. The article mentions that some economists have a ""negative-valued understanding of how the world works,"" implying that Piketty's views have changed over time.
- **Why it Matters:** This shift in Piketty's views is significant because it challenges the conventional wisdom of economic growth as a primary goal of economic policy. If a prominent economist like Piketty is questioning the benefits of economic growth, it may lead to a reevaluation of economic policies and priorities, potentially influencing the direction of economic research and policy-making.",,development,global,100.0,Marginal Revolution
24,Virginia Postrel and Charles C. Mann have a new podcast,https://marginalrevolution.com/marginalrevolution/2026/06/virginia-postrel-and-charles-c-mann-have-a-new-podcast.html?utm_source=rss&utm_medium=rss&utm_campaign=virginia-postrel-and-charles-c-mann-have-a-new-podcast,2026-06-08T13:19:37+00:00,2026-06-09 08:09:08,"Here are 3 concise bullets summarizing the article for an undergraduate researcher:

* **Core Claim**: Virginia Postrel and Charles C. Mann have launched a new podcast called ""Everyday Abundance"".
* **Evidence/Data**: The podcast is sponsored by the Abundance Institute, and the article was written by Tyler Cowen on June 8, 2026.
* **Why it Matters**: The podcast, ""Everyday Abundance"", is a new platform for discussion and exploration of ideas, potentially offering insights and perspectives on abundance and related topics.",,inequality,global,0.0,Marginal Revolution
25,Hayekian Literary Criticism,https://marginalrevolution.com/marginalrevolution/2026/06/hayekian-literary-criticism.html?utm_source=rss&utm_medium=rss&utm_campaign=hayekian-literary-criticism,2026-06-08T11:16:50+00:00,2026-06-09 08:09:09,"Here are three concise bullets summarizing the article for an undergraduate researcher:

* **Core Claim:** A Hayekian literary criticism, which draws on the economic ideas of Friedrich Hayek, offers a more accurate and nuanced understanding of literature than Marxist literary criticism. Hayekian economics can provide new insights into the human experience and the social implications of economic systems.
* **Evidence/Data:** The article cites Paul Cantor's essay on Thomas Mann's ""Disorder and Early Sorrow"" as an example of how Hayekian economics can be applied to literature. Cantor's analysis shows how inflationary psychology and the consequences of government-created inflation can be used to understand the themes and characters in the novella.
* **Why it Matters:** A Hayekian literary criticism can provide a more accurate understanding of the human experience and the social implications of economic systems. By applying Hayekian economics to literature, researchers can gain new insights into the ways in which economic systems shape our values, institutions, and social relationships. This can have important implications for our understanding of the world and our place in it.",,inflation,global,-100.0,Marginal Revolution
26,New paper on the iPhone and fertility,https://marginalrevolution.com/marginalrevolution/2026/06/new-paper-on-the-iphone-and-fertility.html?utm_source=rss&utm_medium=rss&utm_campaign=new-paper-on-the-iphone-and-fertility,2026-06-08T10:53:16+00:00,2026-06-09 08:09:10,"Here are three concise bullets summarizing the article for an undergraduate researcher:

* **Core Claim:** The diffusion of the iPhone in the US from 2007 to 2011 contributed to a decline in fertility rates, particularly among women under 30, by reducing in-person interactions and potentially altering sexual behavior.
* **Evidence/Data:** The study uses a natural experiment based on AT&T's mobile broadband coverage to estimate the effect of iPhone access on fertility rates. The results show a 4.5-8.0% decline in births among women aged 15-19 and 3.2-6.6% decline among women aged 20-24.
* **Why it Matters:** The study suggests that the iPhone's impact on fertility rates is a significant factor in the decline of the general fertility rate in the US, explaining 33-52% of the decline among women aged 15-44. This finding has implications for understanding the role of technology in shaping demographic trends and social behavior.",,general economics,global,-90.0,Marginal Revolution
27,Might AI hurt corporate profits? (from my email),https://marginalrevolution.com/marginalrevolution/2026/06/might-ai-hurt-corporate-profits-from-my-email.html?utm_source=rss&utm_medium=rss&utm_campaign=might-ai-hurt-corporate-profits-from-my-email,2026-06-08T05:08:15+00:00,2026-06-09 08:09:11,"Here are three concise bullets summarizing the article for an undergraduate researcher:

* **Core Claim:** The author argues that the increasing use of AI may lead to lower corporate profit margins, as AI agents become more efficient and vigilant in sourcing and decision-making, reducing the rents collected by companies that previously held a monopoly on these services.
* **Evidence/Data:** The author cites examples such as Bank of America's unoptimized deposits, enterprise software vendors, and Google Search, which make money by exploiting customers' lack of time and expertise. The author also notes that the AI stack itself may become commoditized, with competition in GPUs and chip manufacturing.
* **Why it Matters:** If the author's hypothesis is true, the decline in corporate margins could have significant implications for the economy, potentially offsetting the benefits of AI-driven GDP growth. The author suggests that consumers may be better off, but companies may not see significant benefits, leading to a potential loss for them.",,banking,global,-8.0,Marginal Revolution
28,Sunday assorted links,https://marginalrevolution.com/marginalrevolution/2026/06/sunday-assorted-links-570.html?utm_source=rss&utm_medium=rss&utm_campaign=sunday-assorted-links-570,2026-06-07T18:13:04+00:00,2026-06-09 08:09:11,"Unfortunately, the provided article does not contain any economics-related content. It appears to be a collection of links to various articles and topics, including a documentary film, AI and copyright law, and a book review. 

However, I can provide a hypothetical summary based on the potential topics mentioned:

- **Core Claim:** If we consider the topic of AI and copyright law (point 3), a possible core claim could be that the increasing use of AI in content creation will lead to a reevaluation of copyright laws and potentially result in changes to how intellectual property is protected.
- **Evidence/Data:** The article does not provide any specific evidence or data, but the topic of AI and copyright law might be supported by studies on the impact of AI on creative industries, such as music or literature.
- **Why it Matters:** This topic matters because it has significant implications for the creative industries, artists, and content creators, who may need to adapt to new laws and regulations surrounding AI-generated content.",,poverty,global,-100.0,Marginal Revolution
29,How High-Skill Immigration Restrictions Eroded Regional Productivity: Evidence from the 2017 BAHA Executive Order,https://marginalrevolution.com/marginalrevolution/2026/06/how-high-skill-immigration-restrictions-eroded-regional-productivity-evidence-from-the-2017-baha-executive-order.html?utm_source=rss&utm_medium=rss&utm_campaign=how-high-skill-immigration-restrictions-eroded-regional-productivity-evidence-from-the-2017-baha-executive-order,2026-06-07T16:34:40+00:00,2026-06-09 08:09:12,"Here are three concise bullets summarizing the article for an undergraduate researcher:

* **Core Claim:** High-skill immigration restrictions, as seen in the 2017 ""Buy American, Hire American"" (BAHA) policy, can lead to a decline in regional productivity.
* **Evidence/Data:** The study found that states highly dependent on H-1B talent experienced a 2.8% relative decline in value-added output, resulting in a productivity loss of approximately $218 billion across the most affected regions.
* **Why it Matters:** The findings suggest that policies based on conventional employment metrics may underestimate the true economic cost of immigration restrictions, as they overlook the ""hidden damage"" to productivity and innovation that drives the broader economy.",,labor,global,46.9,Marginal Revolution
11,Budget FY2026-27 must end Fiscal Discrimination between Fossil Fuel and Renewable Energy through Green Fiscal Policy,https://cpd.org.bd/budget-fy2026-27-must-end-fiscal-discrimination-between-fossil-fuel-and-renewable-energy-through-green-fiscal-policy/?utm_source=rss&utm_medium=rss&utm_campaign=budget-fy2026-27-must-end-fiscal-discrimination-between-fossil-fuel-and-renewable-energy-through-green-fiscal-policy,2026-06-07T13:34:56+00:00,2026-06-09 08:08:46,"Here are three concise bullets summarizing the article for an undergraduate researcher:

* **Core Claim:** Bangladesh's energy transition is being hindered by a discriminatory tax and budgetary structure that favors fossil fuel-based power over renewable energy, leading to an imbalance in the energy market.
* **Evidence/Data:** The study found that LNG imports have a tax burden of only 9.5%, while critical technologies for renewable energy face much higher fiscal burdens, with some facing tax incidences ranging from 61% to over 93%. The National Board of Revenue is also foregoing significant revenue by favoring LNG-based businesses.
* **Why it Matters:** The discriminatory fiscal treatment between fossil fuel and renewable energy is slowing down Bangladesh's energy transition, and addressing this imbalance is crucial for the country's sustainable development. The government should withdraw the discriminatory fiscal treatment and introduce green subsidies and grants for renewable energy to promote a level playing field and accelerate the energy transition.",,trade,bangladesh,2.6,CPD Bangladesh
30,"Let Me Disinherit My Children, S’il vous plaît",https://marginalrevolution.com/marginalrevolution/2026/06/let-me-disinherit-my-children-sil-vous-plait.html?utm_source=rss&utm_medium=rss&utm_campaign=let-me-disinherit-my-children-sil-vous-plait,2026-06-07T11:12:37+00:00,2026-06-09 08:09:13,"Here are three concise bullets summarizing the article:

* **Core Claim:** European laws, such as the Napoleonic Code, often require wealthy individuals to distribute a significant portion of their wealth to their children, limiting their freedom to decide the fate of their assets.
* **Evidence/Data:** Pierre-Edouard Sterin, a French billionaire, wants to disinherit his children and donate his €1.4 billion estate to charity, but French law mandates that three-quarters of his estate must go to his children.
* **Why it Matters:** This issue matters because it highlights the tension between individual freedom and the state's role in redistributing wealth, particularly among the wealthy, and has implications for inheritance laws and the distribution of wealth in European societies.",,general economics,global,0.0,Marginal Revolution
31,Why drugs are here to stay (from my email),https://marginalrevolution.com/marginalrevolution/2026/06/why-drugs-are-here-to-stay-from-my-email.html?utm_source=rss&utm_medium=rss&utm_campaign=why-drugs-are-here-to-stay-from-my-email,2026-06-07T04:25:45+00:00,2026-06-09 08:09:14,"Here are three concise bullets summarizing the article for an undergraduate researcher:

* **Core Claim:** The author argues that the use of drugs will continue to rise and become more prevalent in society due to a combination of factors, including human desire for rest and relaxation, declining access to traditional means of meaning-making (e.g., work, children), and the increasing use of AI and robotics to replace human labor.
* **Evidence/Data:** The author cites various examples, including the rise of high-quality marijuana products, the increasing use of drugs to enhance experiences such as video games, classical music, and hiking, and the growing trend of people using drugs to carve out space for internal thinking and creativity.
* **Why it Matters:** The author suggests that the increasing use of drugs will have significant implications for society, including the potential for people to work less and derive meaning from their experiences in new and innovative ways. The author also argues that the value of drugs cannot be replaced by other forms of value, and that they will continue to play an important role in people's lives as a means of relaxation, creativity, and self-expression.",,trade,global,100.0,Marginal Revolution
32,Is work from home bad for your mental health?,https://marginalrevolution.com/marginalrevolution/2026/06/is-work-from-home-bad-for-your-mental-health.html?utm_source=rss&utm_medium=rss&utm_campaign=is-work-from-home-bad-for-your-mental-health,2026-06-06T18:10:13+00:00,2026-06-09 08:09:15,"Here are 3 concise bullets summarizing the article for an undergraduate researcher:

* **Core Claim:** Working from home (remotable jobs) can be bad for mental health, particularly for individuals living alone, as it leads to increased isolation and loneliness.
* **Evidence/Data:** The study found that workers in remotable jobs spent more time alone, had fewer social interactions, and experienced higher levels of mental distress (measured by the Kessler K-6 scale) compared to those in nonremotable jobs. The negative effects were more pronounced for individuals living alone.
* **Why it Matters:** This study highlights the potential mental health consequences of remote work, particularly for those who are already vulnerable to social isolation. It suggests that policymakers and employers should consider strategies to mitigate the negative effects of remote work on mental health, such as promoting social connections and community engagement.",,labor,global,0.0,Marginal Revolution
33,Saturday assorted links,https://marginalrevolution.com/marginalrevolution/2026/06/saturday-assorted-links-564.html?utm_source=rss&utm_medium=rss&utm_campaign=saturday-assorted-links-564,2026-06-06T16:41:07+00:00,2026-06-09 08:09:16,"Unfortunately, the provided article text does not contain a specific economics article to summarize. However, I can provide a general interpretation of the article's content and suggest possible topics related to economics.

Assuming the article is referring to the first link about the Pope's encyclical, here's a possible summary:

* **Core claim**: The Pope's encyclical emphasizes the importance of innovation, suggesting its potential role in addressing social and economic issues.
* **Evidence/data**: The article mentions that the word ""innovation"" appears at least 15 times in the encyclical, highlighting its significance in the document.
* **Why it matters**: This emphasis on innovation could have implications for economic policy and development, particularly in the context of addressing global challenges such as poverty and inequality.

Please note that this is a speculative summary, and without more information, it's difficult to provide a more accurate interpretation.",,fiscal policy,global,-100.0,Marginal Revolution
34,Barter markets in everything,https://marginalrevolution.com/marginalrevolution/2026/06/barter-markets-in-everything-3.html?utm_source=rss&utm_medium=rss&utm_campaign=barter-markets-in-everything-3,2026-06-06T13:22:54+00:00,2026-06-09 08:09:16,"Here are three concise bullets summarizing the article:

* **Core claim**: The article presents a bartering system where individuals can exchange their data (in this case, first-person cleaning footage) for a valuable service (cleaning services).
* **Evidence/data**: The article provides a specific example of a company offering free cleaning services in exchange for data that can be used to train household robots.
* **Why it matters**: This bartering system highlights the value of data in the digital economy and how it can be exchanged for tangible goods and services, illustrating the increasing importance of data in modern economic transactions.",,general economics,global,0.0,Marginal Revolution
35,Should you move to Argentina? (from my email),https://marginalrevolution.com/marginalrevolution/2026/06/should-you-move-to-argentina-from-my-email.html?utm_source=rss&utm_medium=rss&utm_campaign=should-you-move-to-argentina-from-my-email,2026-06-06T04:45:01+00:00,2026-06-09 08:09:17,"Here are three concise bullets summarizing the article:

**Core Claim:** 
Argentina's economic and cultural landscape is more complex than Peter Thiel's expectations, with a libertarian revolution not existing as advertised, and the country's economy still facing significant challenges despite some recent improvements.

**Evidence/Data:**
- Lower inflation and a fiscal surplus have been achieved, but the effects of many policies have been exaggerated, and the economy remains largely informal, with 40-50% of employment in the black market.
- The government has maintained export taxes (retenciones) on agricultural commodities, which is unpopular among producers and landowners.
- The country's youth aspire for a more relaxed work-life balance and a generous welfare state, rather than a libertarian revolution.

**Why it Matters:**
Understanding the complexities of Argentina's economy and culture is crucial for foreign investors and policymakers, as it may lead to unrealistic expectations about the country's potential for civilizational renewal or economic growth.",,inflation,global,3.3,Marginal Revolution
12,Banking sector stress deepens as capital adequacy falls to –2.93 per cent,https://cpd.org.bd/banking-sector-stress-deepens-as-capital-adequacy-falls-to-2-93-per-cent/?utm_source=rss&utm_medium=rss&utm_campaign=banking-sector-stress-deepens-as-capital-adequacy-falls-to-2-93-per-cent,2026-06-04T08:01:43+00:00,2026-06-09 08:08:46,"Here are three concise bullets summarizing the article:

* **Core Claim:** The banking sector in Bangladesh is experiencing deep stress, with capital adequacy falling to a historic low of -2.93%, which can have far-reaching consequences for the economy, including reduced credit availability, slower investment, and decreased job creation.
* **Evidence/Data:** The article cites various indicators of economic stress, including high inflation, weak revenue mobilization, slow ADP implementation, and a reliance on bank borrowing to finance the budget deficit. It also mentions recent shocks such as the Strait of Hormuz blockade, Haor flood, and measles outbreak that have exposed vulnerabilities in the economy.
* **Why it Matters:** The economic stress in Bangladesh has significant implications for the country's development goals, including poverty reduction, job creation, and improved living standards. Addressing this stress will require credible governance reform, stronger institutions, and better enforcement, as well as corrective policy measures to stabilize the economy and promote sustainable growth.",,trade,bangladesh,6.8,CPD Bangladesh
13,"উচ্চ আকাঙ্ক্ষা নয়, বাস্তবতা তুলে ধরতে হবে – ড. দেবপ্রিয় ভট্টাচার্য",https://cpd.org.bd/%e0%a6%ac%e0%a6%be%e0%a6%b8%e0%a7%8d%e0%a6%a4%e0%a6%ac%e0%a6%a4%e0%a6%be-%e0%a6%a4%e0%a7%81%e0%a6%b2%e0%a7%87-%e0%a6%a7%e0%a6%b0%e0%a6%a4%e0%a7%87-%e0%a6%b9%e0%a6%ac%e0%a7%87/?utm_source=rss&utm_medium=rss&utm_campaign=%25e0%25a6%25ac%25e0%25a6%25be%25e0%25a6%25b8%25e0%25a7%258d%25e0%25a6%25a4%25e0%25a6%25ac%25e0%25a6%25a4%25e0%25a6%25be-%25e0%25a6%25a4%25e0%25a7%2581%25e0%25a6%25b2%25e0%25a7%2587-%25e0%25a6%25a7%25e0%25a6%25b0%25e0%25a6%25a4%25e0%25a7%2587-%25e0%25a6%25b9%25e0%25a6%25ac%25e0%25a7%2587,2026-06-03T04:17:54+00:00,2026-06-09 08:08:47,"AI summary failed, using fallback. Reason: Error code: 413 - {'error': {'message': 'Request too large for model `llama-3.1-8b-instant` in organization `org_01ktnm1yq1fy9tve2stjtb76xy` service tier `on_demand` on tokens per minute (TPM): Limit 6000, Requested 7666, please reduce your message size and try again. Need more tokens? Upgrade to Dev Tier today at https://console.groq.com/settings/billing', 'type': 'tokens', 'code': 'rate_limit_exceeded'}}

Originally posted in যুগান্তর on 3 June 2026 - সর্বোচ্চ গুরুত্ব দিতে হবে বিনিয়োগ ও কর্মসংস্থানে - করমুক্ত আয়সীমা চার থেকে সাড়ে ৪ লাখ টাকা করা উচিত - পতিত সরকারের লুটতন্ত্রের কারণে অর্থনীতি দুর্বল হয়েছে কঠিন এক বাস্তবতায় দেশের অর্থনীতি। উচ্চ মূল্যস্ফীতি, বিনিয়োগ ও কর্মসংস্থানে স্থবিরতা, দুর্বল আর্থিক খাত (ব্যাংক ও পুঁজিবাজার), জ্বালানি সংকট, রাজস্ব আদায় কম এবং দেশি-বিদেশি দায়দেনার কারণে সামষ্টিক অর্থনীতি বড় ধরনের চাপে রয়েছে। এ পরিস্থিতির মূল কারণ পতিত সরকারের লুটপাটতন্ত্র, ঋণনির্ভর উন্নয়ন ও মানবসম্পদে কম বিনিয়োগ। এরপর অন্তর্বর্তী সরকার ক্ষমতায় এসে ঋণের বোঝা আরও বাড়িয়েছে। অর্থনীতির এই ভঙ্গুর অবস্থায় আগামী ২০২৬-২৭ অর্থবছরের বাজেট দিতে যাচ্ছে বিএনপি সরকার। ফলে এই পরিস্থিতিতে অবাস...",,general economics,bangladesh,0.0,CPD Bangladesh
14,মূল্যস্ফীতি নিয়ন্ত্রণ বাজেটের মূল লক্ষ্য হওয়া উচিত: দেবপ্রিয় ভট্টাচার্য,https://cpd.org.bd/%e0%a6%ae%e0%a7%82%e0%a6%b2%e0%a7%8d%e0%a6%af%e0%a6%b8%e0%a7%8d%e0%a6%ab%e0%a7%80%e0%a6%a4%e0%a6%bf-%e0%a6%a8%e0%a6%bf%e0%a6%af%e0%a6%bc%e0%a6%a8%e0%a7%8d%e0%a6%a4%e0%a7%8d%e0%a6%b0%e0%a6%a3-12/?utm_source=rss&utm_medium=rss&utm_campaign=%25e0%25a6%25ae%25e0%25a7%2582%25e0%25a6%25b2%25e0%25a7%258d%25e0%25a6%25af%25e0%25a6%25b8%25e0%25a7%258d%25e0%25a6%25ab%25e0%25a7%2580%25e0%25a6%25a4%25e0%25a6%25bf-%25e0%25a6%25a8%25e0%25a6%25bf%25e0%25a6%25af%25e0%25a6%25bc%25e0%25a6%25a8%25e0%25a7%258d%25e0%25a6%25a4%25e0%25a7%258d%25e0%25a6%25b0%25e0%25a6%25a3-12,2026-06-02T07:37:28+00:00,2026-06-09 08:08:48,"AI summary failed, using fallback. Reason: Error code: 413 - {'error': {'message': 'Request too large for model `llama-3.1-8b-instant` in organization `org_01ktnm1yq1fy9tve2stjtb76xy` service tier `on_demand` on tokens per minute (TPM): Limit 6000, Requested 7655, please reduce your message size and try again. Need more tokens? Upgrade to Dev Tier today at https://console.groq.com/settings/billing', 'type': 'tokens', 'code': 'rate_limit_exceeded'}}

Originally posted in দেশ রুপান্তর on 2 June 2026 কী চমক দেখাবেন অর্থমন্ত্রী দায়িত্বগ্রহণের পর থেকে নানামুখী চ্যালেঞ্জের মুখে পড়েছে সরকার। এর মধ্যে বিগত সময়ে ব্যাপক অনিয়ম ও দুর্নীতির ফলে ভেঙেপড়া অর্থনীতিকে পুনর্গঠনের চ্যালেঞ্জ সব থেকে বড়। বাংলাদেশ ব্যাংকের তথ্যমতে, বিগত সময়ে শুধু ব্যাংকিং খাত থেকে চুরি হয়েছে পাঁচ লাখ কোটি টাকা। অনিয়ম, কারসাজি ও দুর্নীতির ফলে প্রায় ধ্বংসপ্রাপ্ত পুঁজিবাজার। অর্থসংকটে বন্ধ হয়েছে শত শত কল-কারখানা। আবার বন্ধের উপক্রম উৎপাদন ও রপ্তানিমুখী অনেক শিল্প। পাশাপাশি মধ্যপ্রাচ্যের যুদ্ধাবস্থার ফলে জ¦ালানি সংকট ও আন্তর্জাতিক বাণিজ্যে দেখা দিয়েছে স্থবিরতা। আইনশৃঙ্খলা পরিস্থিতি রয়েছে উদ্বেগজনক অবস্থায়। এ থেকে উত্তরণে নির্বাচনী ইশতেহারকে গুরুত্ব দিয়ে ২০২৬-২৭ অর্...",,general economics,bangladesh,0.0,CPD Bangladesh
15,What the FY2027 budget must prioritise – Dr Fahmida Khatun,https://cpd.org.bd/what-the-fy2027-budget-must-prioritise/?utm_source=rss&utm_medium=rss&utm_campaign=what-the-fy2027-budget-must-prioritise,2026-06-02T07:02:20+00:00,2026-06-09 08:08:48,"Here are three concise bullets summarizing the article:

**Core Claim:** The FY2027 budget in Bangladesh must prioritize measures to restore macroeconomic stability, protect vulnerable citizens, rebuild investor confidence, and prepare the country for a more competitive post-LDC future.

**Evidence/Data:** The article cites data on Bangladesh's economic performance, including low GDP growth (3.49% in FY2024-25), high inflation (9.04% in April), weak employment generation, and low private sector credit growth (4.7% between March 2025 and March 2026).

**Why it Matters:** The budget has significant implications for Bangladesh's economic future, particularly in light of the country's upcoming graduation from the LDC category. A well-designed budget can help address pressing issues such as energy shortages, high energy costs, and poverty, while also promoting sustainable growth and competitiveness.",,labor,bangladesh,46.4,CPD Bangladesh
16,সারা বছর চামড়া রপ্তানির অনুমতি দিলে বিনিয়োগ ও প্রতিযোগিতা বাড়বে – ড. মোয়াজ্জেম,https://cpd.org.bd/%e0%a6%b8%e0%a6%be%e0%a6%b0%e0%a6%be-%e0%a6%ac%e0%a6%9b%e0%a6%b0-%e0%a6%9a%e0%a6%be%e0%a6%ae%e0%a6%a1%e0%a6%bc%e0%a6%be-%e0%a6%b0%e0%a6%aa%e0%a7%8d%e0%a6%a4%e0%a6%be%e0%a6%a8%e0%a6%bf%e0%a6%b0/?utm_source=rss&utm_medium=rss&utm_campaign=%25e0%25a6%25b8%25e0%25a6%25be%25e0%25a6%25b0%25e0%25a6%25be-%25e0%25a6%25ac%25e0%25a6%259b%25e0%25a6%25b0-%25e0%25a6%259a%25e0%25a6%25be%25e0%25a6%25ae%25e0%25a6%25a1%25e0%25a6%25bc%25e0%25a6%25be-%25e0%25a6%25b0%25e0%25a6%25aa%25e0%25a7%258d%25e0%25a6%25a4%25e0%25a6%25be%25e0%25a6%25a8%25e0%25a6%25bf%25e0%25a6%25b0,2026-06-01T07:39:04+00:00,2026-06-09 08:08:49,"AI summary failed, using fallback. Reason: Error code: 413 - {'error': {'message': 'Request too large for model `llama-3.1-8b-instant` in organization `org_01ktnm1yq1fy9tve2stjtb76xy` service tier `on_demand` on tokens per minute (TPM): Limit 6000, Requested 7678, please reduce your message size and try again. Need more tokens? Upgrade to Dev Tier today at https://console.groq.com/settings/billing', 'type': 'tokens', 'code': 'rate_limit_exceeded'}}

Originally posted in দ্য বিজনেস স্ট্যান্ডার্ড on 2 June 2026 চামড়া খাতের সম্ভাবনা যেভাবে হারাচ্ছে বাংলাদেশ: প্রতিটি ঈদে প্রতিটি চামড়ায় লোকসানে লাভের আশায় চামড়া কেনা অনেক ব্যবসায়ী কোনো ক্রেতা খুঁজে না পেয়ে—অবিক্রিত চামড়া রাস্তার পাশে ফেলে দিতে বা মাটিতে পুঁতে ফেলতে বাধ্য হয়েছেন। খাত-সংশ্লিষ্টদের মতে, গত প্রায় এক দশক ধরে সংকটে বন্দি থাকা এই চামড়া খাতের স্থায়ী অব্যবস্থাপনাই এর মাধ্যমে আবার স্পষ্ট হয়ে উঠেছে। এবারের ঈদুল আজহায় কাঁচা চামড়ার দাম আবারও মারাত্মকভাবে পড়ে গেছে। এতে মৌসুমি ব্যবসায়ী ও সংগ্রহকারীরা বড় ধরনের লোকসানের মুখে পড়েছেন, যার ফলে দেশের চামড়া খাতের দীর্ঘদিনের সংকট নতুন করে তীব্র আকার ধারণ করেছে। লাভের আশায় চামড়া কেনা অনেক ব্যবসায়ী কোনো ক্রেতা খুঁজে না পেয়ে—অব...",,general economics,bangladesh,0.0,CPD Bangladesh
17,দীর্ঘমেয়াদি মূল্যস্ফীতি ও অর্থনৈতিক অনিশ্চয়তা কোরবানির বাজারে প্রভাব ফেলছে: ফাহমিদা খাতুন,https://cpd.org.bd/%e0%a6%95%e0%a7%8b%e0%a6%b0%e0%a6%ac%e0%a6%be%e0%a6%a8%e0%a6%bf%e0%a6%b0-%e0%a6%ac%e0%a6%be%e0%a6%9c%e0%a6%be%e0%a6%b0%e0%a7%87-%e0%a6%aa%e0%a7%8d%e0%a6%b0%e0%a6%ad%e0%a6%be%e0%a6%ac/?utm_source=rss&utm_medium=rss&utm_campaign=%25e0%25a6%2595%25e0%25a7%258b%25e0%25a6%25b0%25e0%25a6%25ac%25e0%25a6%25be%25e0%25a6%25a8%25e0%25a6%25bf%25e0%25a6%25b0-%25e0%25a6%25ac%25e0%25a6%25be%25e0%25a6%259c%25e0%25a6%25be%25e0%25a6%25b0%25e0%25a7%2587-%25e0%25a6%25aa%25e0%25a7%258d%25e0%25a6%25b0%25e0%25a6%25ad%25e0%25a6%25be%25e0%25a6%25ac,2026-06-01T07:05:13+00:00,2026-06-09 08:08:50,"AI summary failed, using fallback. Reason: Error code: 413 - {'error': {'message': 'Request too large for model `llama-3.1-8b-instant` in organization `org_01ktnm1yq1fy9tve2stjtb76xy` service tier `on_demand` on tokens per minute (TPM): Limit 6000, Requested 7722, please reduce your message size and try again. Need more tokens? Upgrade to Dev Tier today at https://console.groq.com/settings/billing', 'type': 'tokens', 'code': 'rate_limit_exceeded'}}

Originally posted in বণিকবার্তা on 1 June 2026 উচ্চ মূল্যস্ফীতির প্রভাবে কমেছে পশু কোরবানি উচ্চ মূল্যস্ফীতির চাপে মানুষের ক্রয়ক্ষমতা কমে যাওয়ার প্রভাব এবার কোরবানির ঈদের বাজারে স্পষ্ট হয়ে উঠেছে। প্রাণিসম্পদ অধিদপ্তর যে পরিমাণ কোরবানির পশুর চাহিদা নির্ধারণ করেছিল তার তুলনায় বিভিন্ন বিভাগ ও জেলায় কম কোরবানির তথ্য পাওয়া যাচ্ছে। ফলে কোরবানিযোগ্য পশুর একটি উল্লেখযোগ্য অংশই থেকে গেছে উদ্বৃত্ত। এতে লোকসানে পড়েছেন চাষী, খামারি ও মৌসুমি ব্যবসায়ীরা। কৃষি অর্থনীতিবিদদের ধারণা, সরকার কোরবানির যে লক্ষ্যমাত্রা নির্ধারণ করেছিল তার তুলনায় এবার ১০ লাখ কম পশু কোরবানি হয়েছে। প্রতি বছর ঈদের পর কী পরিমাণ পশু কোরবানি ও উদ্বৃত্ত থাকে সে পরিসংখ্যান প্রকাশ করে প্রাণিসম্পদ অধিদপ্তর। গতকাল পর্যন্ত তারা পূর্ণ...",,general economics,bangladesh,0.0,CPD Bangladesh
18,নানার হাত ধরে ঈদের নামাজে যেতাম – অধ্যাপক মোস্তাফিজুর রহমান,https://cpd.org.bd/%e0%a6%88%e0%a6%a6%e0%a7%87%e0%a6%b0-%e0%a6%a8%e0%a6%be%e0%a6%ae%e0%a6%be%e0%a6%9c%e0%a7%87-%e0%a6%af%e0%a7%87%e0%a6%a4%e0%a6%be%e0%a6%ae/?utm_source=rss&utm_medium=rss&utm_campaign=%25e0%25a6%2588%25e0%25a6%25a6%25e0%25a7%2587%25e0%25a6%25b0-%25e0%25a6%25a8%25e0%25a6%25be%25e0%25a6%25ae%25e0%25a6%25be%25e0%25a6%259c%25e0%25a7%2587-%25e0%25a6%25af%25e0%25a7%2587%25e0%25a6%25a4%25e0%25a6%25be%25e0%25a6%25ae,2026-05-28T08:57:51+00:00,2026-06-09 08:08:51,"AI summary failed, using fallback. Reason: Error code: 413 - {'error': {'message': 'Request too large for model `llama-3.1-8b-instant` in organization `org_01ktnm1yq1fy9tve2stjtb76xy` service tier `on_demand` on tokens per minute (TPM): Limit 6000, Requested 6263, please reduce your message size and try again. Need more tokens? Upgrade to Dev Tier today at https://console.groq.com/settings/billing', 'type': 'tokens', 'code': 'rate_limit_exceeded'}}

Originally posted in JagoNews24 on 28 May 2026 ‘নানার হাত ধরে ঈদের নামাজে যেতাম।’ একটি বাক্য। অথচ সেই বাক্যের ভেতর লুকিয়ে আছে অনেক স্মৃতি, আবেগ আর পুরো শৈশব। ফেনী জেলার একটি ছোট্ট গ্রাম। সেখানেই কেটেছে তার শৈশবের অনেক ঈদ। ভোরের কুয়াশা ভেজা পথ, নতুন পাঞ্জাবি পরে ছোট্ট এক ছেলের নানার পাশে হাঁটা, চারপাশে ঈদের আনন্দে ভরা গ্রাম। সেই সময়ের ঈদ তার কাছে ছিল শুধু একটি ধর্মীয় উৎসব নয়—ছিল অপেক্ষা, আবেগ, আর মানুষে মানুষে অদ্ভুত এক টান। বলছিলাম দেশের একজন বিশিষ্ট অর্থনীতিবিদের ছোটবেলার ঈদের স্মৃতিগাথা। তিনি বাংলাদেশের প্রথিতজশা অর্থনীতিবিদ অধ্যাপক ড. মোস্তাফিজুর রহমান। অধ্যাপনা করেছেন ঢাকা বিশ্ববিদ্যালয়ের অর্থনীতি বিভাগে। ড. মোস্তাফিজুর রহমান বর্তমানে বেসরকারি গবেষণা সংস্থা ও থিংক ট্যাংক সেন্টার ফর...",,general economics,bangladesh,0.0,CPD Bangladesh
19,Extreme heat and manual labour may drive violence – Fahmida Khatun,https://cpd.org.bd/extreme-heat-and-manual-labour-may-drive-violence/?utm_source=rss&utm_medium=rss&utm_campaign=extreme-heat-and-manual-labour-may-drive-violence,2026-05-26T09:29:58+00:00,2026-06-09 08:08:51,"Here are three concise bullets summarizing the article for an undergraduate researcher:

**Core Claim:**
Extreme heat and manual labor may drive violence, particularly against women and children, due to economic stress, poor livelihoods, and institutional vulnerabilities.

**Evidence/Data:**
Police data from Bangladesh shows a recurring seasonal trend of increased violence against women and children during hotter months (March to October), with a sharp 35.4% rise in April 2026. Global research also links extreme heat to higher rates of interpersonal violence, with studies suggesting a 4.49% increase in intimate partner violence prevalence for every 1°C rise in temperature.

**Why it Matters:**
This trend has significant implications for public health, social welfare, and crime prevention in Bangladesh and other countries with similar climate conditions. Understanding the relationship between extreme heat and violence can inform policy interventions to mitigate the effects of climate change on vulnerable populations and reduce the incidence of violence against women and children.",,labor,bangladesh,-42.3,CPD Bangladesh
20,এলডিসি উত্তরণ টেকসই করতে বাংলাদেশকে দক্ষতা ও উৎপাদননির্ভর প্রতিযোগিতার সক্ষমতায় যেতে হবে – মোস্তাফিজুর রহমান,https://cpd.org.bd/%e0%a6%8f%e0%a6%b2%e0%a6%a1%e0%a6%bf%e0%a6%b8%e0%a6%bf-%e0%a6%89%e0%a6%a4%e0%a7%8d%e0%a6%a4%e0%a6%b0%e0%a6%a3-%e0%a6%9f%e0%a7%87%e0%a6%95%e0%a6%b8%e0%a6%87-%e0%a6%95%e0%a6%b0%e0%a6%a4%e0%a7%87/?utm_source=rss&utm_medium=rss&utm_campaign=%25e0%25a6%258f%25e0%25a6%25b2%25e0%25a6%25a1%25e0%25a6%25bf%25e0%25a6%25b8%25e0%25a6%25bf-%25e0%25a6%2589%25e0%25a6%25a4%25e0%25a7%258d%25e0%25a6%25a4%25e0%25a6%25b0%25e0%25a6%25a3-%25e0%25a6%259f%25e0%25a7%2587%25e0%25a6%2595%25e0%25a6%25b8%25e0%25a6%2587-%25e0%25a6%2595%25e0%25a6%25b0%25e0%25a6%25a4%25e0%25a7%2587,2026-05-24T09:39:25+00:00,2026-06-09 08:08:53,"AI summary failed, using fallback. Reason: Error code: 413 - {'error': {'message': 'Request too large for model `llama-3.1-8b-instant` in organization `org_01ktnm1yq1fy9tve2stjtb76xy` service tier `on_demand` on tokens per minute (TPM): Limit 6000, Requested 7684, please reduce your message size and try again. Need more tokens? Upgrade to Dev Tier today at https://console.groq.com/settings/billing', 'type': 'tokens', 'code': 'rate_limit_exceeded'}}

Originally posted in দেশকাল নিউজ on 24 May 2026 এলডিসি উত্তরণকে টেকসই করতে বাংলাদেশ যে ‘স্মুথ ট্রানজিশন স্ট্র্যাটেজি’ প্রণয়ন করেছে, তার আলোকে আগামী বাজেটে বেসরকারি বিনিয়োগ বাড়াতে কিছু সুনির্দিষ্ট পদক্ষেপ নেওয়া প্রয়োজন। সেন্টার ফর পলিসি ডায়ালগ (সিপিডি)-এর সম্মাননীয় ফেলো অধ্যাপক ড. মোস্তাফিজুর রহমান। দেশকাল নিউজে দেওয়া সাক্ষাৎকারে উঠে এসেছে আসন্ন জাতীয় বাজেট, ২০২৬ সালে স্বল্পোন্নত দেশ (এলডিসি) থেকে বাংলাদেশের উত্তরণ, কর্মসংস্থান, শিক্ষা ও স্বাস্থ্য খাতের বরাদ্দ এবং সামষ্টিক অর্থনৈতিক ব্যবস্থাপনার নানাবিধ চ্যালেঞ্জ ও সম্ভাবনার প্রসঙ্গ। তার সাক্ষাৎকারটি গ্রহণ করেছেন ‘দেশকাল নিউজ’-এর সম্পাদকীয় সহযোগী সৈয়দ রাইয়ান আমীর। নিচে পাঠকদের জন্য সেই সাক্ষাৎকারটির পূর্ণাঙ্গ বিবরণ তুলে ধরা হলো। দ...",,trade,bangladesh,0.0,CPD Bangladesh
